{
    "0": 0.00041805950000000004,
    "1": 0.0007341910100000001,
    "10": 0.005435957360000001,
    "11": 0.007696339010000004,
    "12": 0.010538923719999998,
    "13": 0.013635769160000002,
    "14": 0.018977562789999992,
    "15": 0.034188581230000015,
    "16": 0.04402082322000002,
    "17": 0.06143187946999999,
    "18": 0.06959673628000002,
    "19": 0.08859849231999997,
    "2": 0.0010353069599999994,
    "20": 0.10123241593999996,
    "21": 0.03913357558000001,
    "22": 0.08381258782999998,
    "23": 0.14938151356999999,
    "24": 0.25308879734,
    "25": 0.35304922684000006,
    "26": 0.4770317135999999,
    "27": 0.62077917351,
    "28": 0.30954850885,
    "29": 0.5238154015199996,
    "3": 0.0012527323600000002,
    "30": 0.6325145935100002,
    "31": 0.89258061712,
    "32": 1.0907755939799997,
    "33": 1.4381046846999987,
    "34": 1.7125096126399995,
    "35": 0.48913702546,
    "36": 1.0854605823,
    "37": 1.927453540619999,
    "38": 3.2918411996100003,
    "39": 4.6238112187999985,
    "4": 0.0013967748800000008,
    "40": 6.2664993244600025,
    "41": 8.241036419559999,
    "5": 0.0020410263199999996,
    "6": 0.002039025790000001,
    "7": 0.0008218207500000002,
    "8": 0.0018240053299999994,
    "9": 0.00332315358
}