{
    "0": 0.0004786805,
    "1": 0.0007449678000000001,
    "10": 0.0052409480000000005,
    "11": 0.007484975399999999,
    "12": 0.0096404855,
    "13": 0.0125541446,
    "14": 0.017392868100000004,
    "15": 0.03202179749999999,
    "16": 0.042761186499999985,
    "17": 0.0602436361,
    "18": 0.0679357628,
    "19": 0.0869706983,
    "2": 0.0009249046000000003,
    "20": 0.08947532230000001,
    "21": 0.036109569200000004,
    "22": 0.0905362521,
    "23": 0.15062644189999996,
    "24": 0.2438156475,
    "25": 0.3440918857000001,
    "26": 0.4523910859,
    "27": 0.6081809268999999,
    "28": 0.29884978090000003,
    "29": 0.48323703,
    "3": 0.0012924144000000001,
    "30": 0.6063801733,
    "31": 0.8318583015,
    "32": 1.0299129227000001,
    "33": 1.4051670658000002,
    "34": 1.6716553293,
    "35": 0.473546382,
    "36": 1.0954425565999997,
    "37": 1.942799253,
    "38": 3.113117913399999,
    "39": 4.471093407,
    "4": 0.0014268366,
    "40": 6.0211907419,
    "41": 7.9482837892000004,
    "5": 0.0018100866,
    "6": 0.0019293735,
    "7": 0.0008315601000000001,
    "8": 0.0020301721,
    "9": 0.0034564087
}