{
    "0": 0.000370306,
    "1": 0.000759674,
    "2": 0.063403088,
    "3": 0.230974305,
    "4": 2.051355358,
    "5": 7.636295849
}