{
    "0": 0.000391711,
    "1": 0.001592347,
    "10": 0.005313395,
    "11": 0.008068328,
    "12": 0.011320413,
    "13": 0.013656344,
    "14": 0.02335026,
    "15": 0.075290044,
    "16": 0.132869396,
    "17": 0.218710189,
    "18": 0.310826753,
    "19": 0.425561233,
    "2": 0.002871804,
    "20": 0.550723623,
    "21": 0.038845893,
    "22": 0.089827523,
    "23": 0.158982248,
    "24": 0.246829312,
    "25": 0.337242548,
    "26": 0.460107376,
    "27": 0.608779495,
    "28": 0.285012591,
    "29": 1.002238038,
    "3": 0.004843643,
    "30": 1.710961514,
    "31": 2.956798647,
    "32": 4.3829071200000005,
    "33": 5.953831975,
    "34": 7.922708892,
    "35": 0.471864642,
    "36": 1.119311439,
    "37": 2.101424721,
    "38": 3.308344012,
    "39": 4.507082285,
    "4": 0.006758652,
    "40": 6.151305774,
    "41": 7.961764646,
    "5": 0.009941287,
    "6": 0.013360173,
    "7": 0.000801653,
    "8": 0.001919269,
    "9": 0.003532177
}