{
    "0": 0.000388067,
    "1": 0.0021302689999999997,
    "10": 0.260342896,
    "11": 0.619914533,
    "12": 0.2974922,
    "13": 1.352124751,
    "14": 5.036504094,
    "15": 0.471466437,
    "16": 3.182889386,
    "17": 7.848341389,
    "2": 0.007469565000000001,
    "3": 0.000803804,
    "4": 0.005342427,
    "5": 0.013406443,
    "6": 0.023592318,
    "7": 0.103390806,
    "8": 0.35965954899999997,
    "9": 0.038370236
}