{
    "0": 0.7577728249,
    "2": 5.6661429667
}