{
    "0": 2.9943512466,
    "2": 24.951155090699995
}